{
  "en": {
    "api_key_required": "Invalid API key.",
    "api_version_suggestion":
      "WARNING: Your api version is lower than 1.0.0, we suggest you change it.",
    "api_version_unsupported":
      "WARNING: This package just support api version 2.0.0 or higher."
  },
  "es": {
    "api_key_required": "API key invalida.",
    "api_version_suggestion":
      "CUIDADO: Tu API es una versión menor a la 1.0.0, te sugerimos cambiarla.",
    "api_version_unsupported":
      "CUIDADO: Este paquete solo soporta la version de api 2.0.0 o superior"
  }
}
