{
  "next_page_url": "https://api.conekta.io/orders?next=ord_2fth4jbNMQ5Bmkofq",
  "previous_page_url": null,
  "has_more": true,
  "total": 14216,
  "object": "list",
  "data": [
    {
      "livemode": false,
      "amount": 20000,
      "status": "created",
      "customer_id": null,
      "currency": "MXN",
      "capture": true,
      "last_payment_info": {
        "charge_id": "58865636dba34dd852000afe",
        "payment_method": "OxxoPayment",
        "payment_brand": null,
        "status": "pending_payment"
      },
      "customer_info": {
        "email": "hola@hola.com",
        "phone": "+5213353319758",
        "name": "John Constantine",
        "corporate": null,
        "account_age": null,
        "paid_transactions": null,
        "first_paid_at": 0
      },
      "shipping_contact": null,
      "fiscal_entity": null,
      "object": "order",
      "id": "ord_2fth5M3rEuYiegi7R",
      "metadata": {
        "test": "extra info"
      },
      "created_at": 1485198902,
      "updated_at": 1485198903,
      "line_items": {
        "starting_after": null,
        "ending_before": null,
        "object": "list",
        "has_more": false,
        "total": 1,
        "data": [
          {
            "name": "Box of Cohiba S1s",
            "description": "Imported From Mex.",
            "unit_price": 20000,
            "quantity": 1,
            "sku": "cohb_s1",
            "shippable": null,
            "tags": [
              "food",
              "mexican food"
            ],
            "brand": null,
            "type": "physical",
            "object": "line_item",
            "id": "line_item_2fth5M3rEuYiegi7P",
            "parent_id": "ord_2fth5M3rEuYiegi7R",
            "metadata": {}
          }
        ]
      },
      "shipping_lines": {
        "starting_after": null,
        "ending_before": null,
        "object": "list",
        "has_more": false,
        "total": 0,
        "data": []
      },
      "tax_lines": {
        "starting_after": null,
        "ending_before": null,
        "object": "list",
        "has_more": false,
        "total": 0,
        "data": []
      },
      "discount_lines": {
        "starting_after": null,
        "ending_before": null,
        "object": "list",
        "has_more": false,
        "total": 0,
        "data": []
      },
      "charges": {
        "starting_after": null,
        "ending_before": null,
        "object": "list",
        "has_more": false,
        "total": 1,
        "data": [
          {
            "id": "58865636dba34dd852000afe",
            "livemode": false,
            "created_at": 1485198902,
            "currency": "MXN",
            "description": null,
            "reference_id": null,
            "failure_code": null,
            "failure_message": null,
            "monthly_installments": null,
            "device_fingerprint": null,
            "payment_method": {
              "barcode_url": "https://s3.amazonaws.com/cash_payment_barcodes/sandbox_reference.png",
              "service_name": "OxxoPay",
              "object": "cash_payment",
              "type": "oxxo",
              "expires_at": 1485234903,
              "store_name": "OXXO",
              "reference": "93345678901234"
            },
            "object": "charge",
            "status": "pending_payment",
            "amount": 20000,
            "paid_at": null,
            "fee": 812,
            "customer_id": "",
            "order_id": "ord_2fth5M3rEuYiegi7R",
            "refunds": {
              "starting_after": null,
              "ending_before": null,
              "object": "list",
              "has_more": false,
              "total": 0,
              "data": []
            }
          }
        ]
      },
      "returns": {
        "starting_after": null,
        "ending_before": null,
        "object": "list",
        "has_more": false,
        "total": 0,
        "data": []
      }
    },
    {
      "livemode": false,
      "amount": 20000,
      "status": "returned",
      "customer_id": null,
      "currency": "MXN",
      "capture": true,
      "last_payment_info": {
        "charge_id": "5886562ddba34dd35d000aad",
        "payment_method": "CreditCardPayment",
        "payment_brand": "VISA",
        "status": "paid"
      },
      "customer_info": {
        "email": "hola@hola.com",
        "phone": "+5213353319758",
        "name": "John Constantine",
        "corporate": null,
        "account_age": null,
        "paid_transactions": null,
        "first_paid_at": 0
      },
      "shipping_contact": null,
      "fiscal_entity": null,
      "object": "order",
      "id": "ord_2fth5EQUZ7UtB9fQT",
      "metadata": {
        "test": "extra info"
      },
      "created_at": 1485198893,
      "updated_at": 1485198901,
      "line_items": {
        "starting_after": null,
        "ending_before": null,
        "object": "list",
        "has_more": false,
        "total": 1,
        "data": [
          {
            "name": "Box of Cohiba S1s",
            "description": "Imported From Mex.",
            "unit_price": 20000,
            "quantity": 1,
            "sku": "cohb_s1",
            "shippable": null,
            "tags": [
              "food",
              "mexican food"
            ],
            "brand": null,
            "type": "physical",
            "object": "line_item",
            "id": "line_item_2fth5EQUZ7UtB9fQR",
            "parent_id": "ord_2fth5EQUZ7UtB9fQT",
            "metadata": {}
          }
        ]
      },
      "shipping_lines": {
        "starting_after": null,
        "ending_before": null,
        "object": "list",
        "has_more": false,
        "total": 0,
        "data": []
      },
      "tax_lines": {
        "starting_after": null,
        "ending_before": null,
        "object": "list",
        "has_more": false,
        "total": 0,
        "data": []
      },
      "discount_lines": {
        "starting_after": null,
        "ending_before": null,
        "object": "list",
        "has_more": false,
        "total": 0,
        "data": []
      },
      "charges": {
        "starting_after": null,
        "ending_before": null,
        "object": "list",
        "has_more": false,
        "total": 1,
        "data": [
          {
            "id": "5886562ddba34dd35d000aad",
            "livemode": false,
            "created_at": 1485198893,
            "currency": "MXN",
            "description": null,
            "reference_id": null,
            "failure_code": null,
            "failure_message": null,
            "monthly_installments": null,
            "device_fingerprint": "123456789abcdefghijkmnopqrstuv",
            "payment_method": {
              "name": "Jorge Lopez",
              "exp_month": "12",
              "exp_year": "19",
              "auth_code": "810688",
              "object": "card_payment",
              "type": "credit",
              "normalized_device_fingerprint": null,
              "last4": "4242",
              "brand": "visa",
              "issuer": "",
              "account_type": "",
              "country": "US",
              "fraud_score": 29,
              "fraud_indicators": []
            },
            "object": "charge",
            "status": "refunded",
            "amount": 20000,
            "paid_at": 1485198899,
            "fee": 963,
            "customer_id": "",
            "order_id": "ord_2fth5EQUZ7UtB9fQT",
            "refunds": {
              "starting_after": null,
              "ending_before": null,
              "object": "list",
              "has_more": false,
              "total": 1,
              "data": [
                {
                  "object": "refund",
                  "amount": -20000,
                  "auth_code": "810688",
                  "id": "58865635edbb6ede090004f7",
                  "created_at": 1485198901
                }
              ]
            }
          }
        ]
      },
      "returns": {
        "starting_after": null,
        "ending_before": null,
        "object": "list",
        "has_more": false,
        "total": 1,
        "data": [
          {
            "livemode": false,
            "amount": 20000,
            "currency": "MXN",
            "charge_id": "5886562ddba34dd35d000aad",
            "reason": "Reason return",
            "id": "ord_ret_2fth5KdEjehMzxpTh",
            "object": "return",
            "created_at": 1485198900,
            "parent_id": "ord_2fth5EQUZ7UtB9fQT"
          }
        ]
      }
    },
    {
      "livemode": false,
      "amount": 20000,
      "status": "created",
      "customer_id": null,
      "currency": "MXN",
      "capture": true,
      "last_payment_info": null,
      "customer_info": null,
      "shipping_contact": null,
      "fiscal_entity": {
        "tax_id": "AMGH851205MN1",
        "company_name": "Test SA de CV",
        "phone": "+5213353319758",
        "email": "test@conekta.io",
        "address": {
          "street1": "250 Alexis St",
          "street2": null,
          "street3": null,
          "internal_number": 19,
          "external_number": 10,
          "city": "Red Deer",
          "state": "Alberta",
          "zip": "78216",
          "country": "mx",
          "object": "fiscal_entity_address"
        },
        "id": "fis_ent_2fth5Diga4CBE9Q5g",
        "object": "fiscal_entity",
        "created_at": 1485198892
      },
      "object": "order",
      "id": "ord_2fth5Cys3rdXXRmmH",
      "metadata": {
        "test": "extra info"
      },
      "created_at": 1485198892,
      "updated_at": 1485198892,
      "line_items": {
        "starting_after": null,
        "ending_before": null,
        "object": "list",
        "has_more": false,
        "total": 1,
        "data": [
          {
            "name": "Box of Cohiba S1s",
            "description": "Imported From Mex.",
            "unit_price": 20000,
            "quantity": 1,
            "sku": "cohb_s1",
            "shippable": null,
            "tags": [
              "food",
              "mexican food"
            ],
            "brand": null,
            "type": "physical",
            "object": "line_item",
            "id": "line_item_2fth5Cys3rdXXRmmG",
            "parent_id": "ord_2fth5Cys3rdXXRmmH",
            "metadata": {}
          }
        ]
      },
      "shipping_lines": {
        "starting_after": null,
        "ending_before": null,
        "object": "list",
        "has_more": false,
        "total": 0,
        "data": []
      },
      "tax_lines": {
        "starting_after": null,
        "ending_before": null,
        "object": "list",
        "has_more": false,
        "total": 0,
        "data": []
      },
      "discount_lines": {
        "starting_after": null,
        "ending_before": null,
        "object": "list",
        "has_more": false,
        "total": 0,
        "data": []
      },
      "charges": {
        "starting_after": null,
        "ending_before": null,
        "object": "list",
        "has_more": false,
        "total": 0,
        "data": []
      },
      "returns": {
        "starting_after": null,
        "ending_before": null,
        "object": "list",
        "has_more": false,
        "total": 0,
        "data": []
      }
    },
    {
      "livemode": false,
      "amount": 20000,
      "status": "created",
      "customer_id": null,
      "currency": "MXN",
      "capture": true,
      "last_payment_info": null,
      "customer_info": null,
      "shipping_contact": null,
      "fiscal_entity": null,
      "object": "order",
      "id": "ord_2fth5CF3Xf4syc56p",
      "metadata": {
        "test": "extra info"
      },
      "created_at": 1485198890,
      "updated_at": 1485198890,
      "line_items": {
        "starting_after": null,
        "ending_before": null,
        "object": "list",
        "has_more": false,
        "total": 1,
        "data": [
          {
            "name": "Box of Cohiba S1s",
            "description": "Imported From Mex.",
            "unit_price": 20000,
            "quantity": 1,
            "sku": "cohb_s1",
            "shippable": null,
            "tags": [
              "food",
              "mexican food"
            ],
            "brand": null,
            "type": "physical",
            "object": "line_item",
            "id": "line_item_2fth5CF3Xf4syc56o",
            "parent_id": "ord_2fth5CF3Xf4syc56p",
            "metadata": {}
          }
        ]
      },
      "shipping_lines": {
        "starting_after": null,
        "ending_before": null,
        "object": "list",
        "has_more": false,
        "total": 0,
        "data": []
      },
      "tax_lines": {
        "starting_after": null,
        "ending_before": null,
        "object": "list",
        "has_more": false,
        "total": 0,
        "data": []
      },
      "discount_lines": {
        "starting_after": null,
        "ending_before": null,
        "object": "list",
        "has_more": false,
        "total": 0,
        "data": []
      },
      "charges": {
        "starting_after": null,
        "ending_before": null,
        "object": "list",
        "has_more": false,
        "total": 0,
        "data": []
      },
      "returns": {
        "starting_after": null,
        "ending_before": null,
        "object": "list",
        "has_more": false,
        "total": 0,
        "data": []
      }
    },
    {
      "livemode": false,
      "amount": 20000,
      "status": "created",
      "customer_id": null,
      "currency": "MXN",
      "capture": true,
      "last_payment_info": null,
      "customer_info": null,
      "shipping_contact": null,
      "fiscal_entity": null,
      "object": "order",
      "id": "ord_2fth5BWE1TWEMLQcN",
      "metadata": {
        "test": "extra info"
      },
      "created_at": 1485198889,
      "updated_at": 1485198889,
      "line_items": {
        "starting_after": null,
        "ending_before": null,
        "object": "list",
        "has_more": false,
        "total": 1,
        "data": [
          {
            "name": "Box of Cohiba S1s",
            "description": "Imported From Mex.",
            "unit_price": 20000,
            "quantity": 1,
            "sku": "cohb_s1",
            "shippable": null,
            "tags": [
              "food",
              "mexican food"
            ],
            "brand": null,
            "type": "physical",
            "object": "line_item",
            "id": "line_item_2fth5BWE1TWEMLQcM",
            "parent_id": "ord_2fth5BWE1TWEMLQcN",
            "metadata": {}
          }
        ]
      },
      "shipping_lines": {
        "starting_after": null,
        "ending_before": null,
        "object": "list",
        "has_more": false,
        "total": 1,
        "data": [
          {
            "amount": 0,
            "carrier": "USPS",
            "method": "Train",
            "tracking_number": "TRACK123",
            "object": "shipping_line",
            "id": "ship_lin_2fth5BPx1AMTtJDKt",
            "parent_id": "ord_2fth5BWE1TWEMLQcN",
            "metadata": null
          }
        ]
      },
      "tax_lines": {
        "starting_after": null,
        "ending_before": null,
        "object": "list",
        "has_more": false,
        "total": 0,
        "data": []
      },
      "discount_lines": {
        "starting_after": null,
        "ending_before": null,
        "object": "list",
        "has_more": false,
        "total": 0,
        "data": []
      },
      "charges": {
        "starting_after": null,
        "ending_before": null,
        "object": "list",
        "has_more": false,
        "total": 0,
        "data": []
      },
      "returns": {
        "starting_after": null,
        "ending_before": null,
        "object": "list",
        "has_more": false,
        "total": 0,
        "data": []
      }
    },
    {
      "livemode": false,
      "amount": 20066,
      "status": "created",
      "customer_id": null,
      "currency": "MXN",
      "capture": true,
      "last_payment_info": null,
      "customer_info": null,
      "shipping_contact": null,
      "fiscal_entity": null,
      "object": "order",
      "id": "ord_2fth59yZRv6zGdkks",
      "metadata": {
        "test": "extra info"
      },
      "created_at": 1485198887,
      "updated_at": 1485198888,
      "line_items": {
        "starting_after": null,
        "ending_before": null,
        "object": "list",
        "has_more": false,
        "total": 1,
        "data": [
          {
            "name": "Box of Cohiba S1s",
            "description": "Imported From Mex.",
            "unit_price": 20000,
            "quantity": 1,
            "sku": "cohb_s1",
            "shippable": null,
            "tags": [
              "food",
              "mexican food"
            ],
            "brand": null,
            "type": "physical",
            "object": "line_item",
            "id": "line_item_2fth59yZRv6zGdkkr",
            "parent_id": "ord_2fth59yZRv6zGdkks",
            "metadata": {}
          }
        ]
      },
      "shipping_lines": {
        "starting_after": null,
        "ending_before": null,
        "object": "list",
        "has_more": false,
        "total": 0,
        "data": []
      },
      "tax_lines": {
        "starting_after": null,
        "ending_before": null,
        "object": "list",
        "has_more": false,
        "total": 2,
        "data": [
          {
            "description": "IVA",
            "amount": 60,
            "object": "tax_line",
            "id": "tax_lin_2fth5Af8UxnpG2YqT",
            "parent_id": "ord_2fth59yZRv6zGdkks",
            "metadata": null
          },
          {
            "description": "ISR",
            "amount": 6,
            "object": "tax_line",
            "id": "tax_lin_2fth5AmQVFwaj4k7v",
            "parent_id": "ord_2fth59yZRv6zGdkks",
            "metadata": null
          }
        ]
      },
      "discount_lines": {
        "starting_after": null,
        "ending_before": null,
        "object": "list",
        "has_more": false,
        "total": 0,
        "data": []
      },
      "charges": {
        "starting_after": null,
        "ending_before": null,
        "object": "list",
        "has_more": false,
        "total": 0,
        "data": []
      },
      "returns": {
        "starting_after": null,
        "ending_before": null,
        "object": "list",
        "has_more": false,
        "total": 0,
        "data": []
      }
    },
    {
      "livemode": false,
      "amount": 40000,
      "status": "created",
      "customer_id": null,
      "currency": "MXN",
      "capture": true,
      "last_payment_info": null,
      "customer_info": null,
      "shipping_contact": null,
      "fiscal_entity": null,
      "object": "order",
      "id": "ord_2fth58SfvN6sWdVms",
      "metadata": {
        "test": "extra info"
      },
      "created_at": 1485198886,
      "updated_at": 1485198887,
      "line_items": {
        "starting_after": null,
        "ending_before": null,
        "object": "list",
        "has_more": false,
        "total": 2,
        "data": [
          {
            "name": "Box of Cohiba S1s",
            "description": "Imported From Mex.",
            "unit_price": 20000,
            "quantity": 1,
            "sku": "cohb_s1",
            "shippable": null,
            "tags": [
              "food",
              "mexican food"
            ],
            "brand": null,
            "type": "physical",
            "object": "line_item",
            "id": "line_item_2fth58SfvN6sWdVmr",
            "parent_id": "ord_2fth58SfvN6sWdVms",
            "metadata": {}
          },
          {
            "name": "Box of Cohiba S1s",
            "description": "Imported From Mex.",
            "unit_price": 20000,
            "quantity": 1,
            "sku": null,
            "shippable": null,
            "tags": [
              "food",
              "mexican food"
            ],
            "brand": null,
            "type": "physical",
            "object": "line_item",
            "id": "line_item_2fth59yZRv6zRXgTt",
            "parent_id": "ord_2fth58SfvN6sWdVms",
            "metadata": {}
          }
        ]
      },
      "shipping_lines": {
        "starting_after": null,
        "ending_before": null,
        "object": "list",
        "has_more": false,
        "total": 0,
        "data": []
      },
      "tax_lines": {
        "starting_after": null,
        "ending_before": null,
        "object": "list",
        "has_more": false,
        "total": 0,
        "data": []
      },
      "discount_lines": {
        "starting_after": null,
        "ending_before": null,
        "object": "list",
        "has_more": false,
        "total": 0,
        "data": []
      },
      "charges": {
        "starting_after": null,
        "ending_before": null,
        "object": "list",
        "has_more": false,
        "total": 0,
        "data": []
      },
      "returns": {
        "starting_after": null,
        "ending_before": null,
        "object": "list",
        "has_more": false,
        "total": 0,
        "data": []
      }
    },
    {
      "livemode": false,
      "amount": 20000,
      "status": "created",
      "customer_id": null,
      "currency": "MXN",
      "capture": true,
      "last_payment_info": null,
      "customer_info": null,
      "shipping_contact": null,
      "fiscal_entity": null,
      "object": "order",
      "id": "ord_2fth56EDMmQvWQZtr",
      "metadata": {
        "test": "extra info"
      },
      "created_at": 1485198882,
      "updated_at": 1485198882,
      "line_items": {
        "starting_after": null,
        "ending_before": null,
        "object": "list",
        "has_more": false,
        "total": 1,
        "data": [
          {
            "name": "Box of Cohiba S1s",
            "description": "Imported From Mex.",
            "unit_price": 20000,
            "quantity": 1,
            "sku": "cohb_s1",
            "shippable": null,
            "tags": [
              "food",
              "mexican food"
            ],
            "brand": null,
            "type": "physical",
            "object": "line_item",
            "id": "line_item_2fth56EDMmQvWQZtq",
            "parent_id": "ord_2fth56EDMmQvWQZtr",
            "metadata": {}
          }
        ]
      },
      "shipping_lines": {
        "starting_after": null,
        "ending_before": null,
        "object": "list",
        "has_more": false,
        "total": 0,
        "data": []
      },
      "tax_lines": {
        "starting_after": null,
        "ending_before": null,
        "object": "list",
        "has_more": false,
        "total": 0,
        "data": []
      },
      "discount_lines": {
        "starting_after": null,
        "ending_before": null,
        "object": "list",
        "has_more": false,
        "total": 0,
        "data": []
      },
      "charges": {
        "starting_after": null,
        "ending_before": null,
        "object": "list",
        "has_more": false,
        "total": 0,
        "data": []
      },
      "returns": {
        "starting_after": null,
        "ending_before": null,
        "object": "list",
        "has_more": false,
        "total": 0,
        "data": []
      }
    },
    {
      "livemode": false,
      "amount": 20000,
      "status": "created",
      "customer_id": null,
      "currency": "MXN",
      "capture": true,
      "last_payment_info": null,
      "customer_info": null,
      "shipping_contact": null,
      "fiscal_entity": null,
      "object": "order",
      "id": "ord_2fth54kaKNHdPHBKk",
      "metadata": {
        "test": "extra info"
      },
      "created_at": 1485198880,
      "updated_at": 1485198880,
      "line_items": {
        "starting_after": null,
        "ending_before": null,
        "object": "list",
        "has_more": false,
        "total": 1,
        "data": [
          {
            "name": "Box of Cohiba S1s",
            "description": "Imported From Mex.",
            "unit_price": 20000,
            "quantity": 1,
            "sku": "cohb_s1",
            "shippable": null,
            "tags": [
              "food",
              "mexican food"
            ],
            "brand": null,
            "type": "physical",
            "object": "line_item",
            "id": "line_item_2fth54kaKNHdPHBKj",
            "parent_id": "ord_2fth54kaKNHdPHBKk",
            "metadata": {}
          }
        ]
      },
      "shipping_lines": {
        "starting_after": null,
        "ending_before": null,
        "object": "list",
        "has_more": false,
        "total": 0,
        "data": []
      },
      "tax_lines": {
        "starting_after": null,
        "ending_before": null,
        "object": "list",
        "has_more": false,
        "total": 0,
        "data": []
      },
      "discount_lines": {
        "starting_after": null,
        "ending_before": null,
        "object": "list",
        "has_more": false,
        "total": 0,
        "data": []
      },
      "charges": {
        "starting_after": null,
        "ending_before": null,
        "object": "list",
        "has_more": false,
        "total": 0,
        "data": []
      },
      "returns": {
        "starting_after": null,
        "ending_before": null,
        "object": "list",
        "has_more": false,
        "total": 0,
        "data": []
      }
    },
    {
      "livemode": false,
      "amount": 60000,
      "status": "created",
      "customer_id": null,
      "currency": "USD",
      "capture": true,
      "last_payment_info": null,
      "customer_info": null,
      "shipping_contact": null,
      "fiscal_entity": null,
      "object": "order",
      "id": "ord_2fth5451GKboLvQfW",
      "metadata": {
        "test": "extra info"
      },
      "created_at": 1485198879,
      "updated_at": 1485198880,
      "line_items": {
        "starting_after": null,
        "ending_before": null,
        "object": "list",
        "has_more": false,
        "total": 1,
        "data": [
          {
            "name": "Box of chocolates",
            "description": "Imported From Uruguay.",
            "unit_price": 30000,
            "quantity": 2,
            "sku": "choc_s3",
            "shippable": null,
            "tags": [
              "Chocolate",
              "Sudamerican chocolates"
            ],
            "brand": null,
            "type": "physical",
            "object": "line_item",
            "id": "line_item_2fth54kaKNHdPHBKi",
            "parent_id": "ord_2fth5451GKboLvQfW",
            "metadata": {}
          }
        ]
      },
      "shipping_lines": {
        "starting_after": null,
        "ending_before": null,
        "object": "list",
        "has_more": false,
        "total": 0,
        "data": []
      },
      "tax_lines": {
        "starting_after": null,
        "ending_before": null,
        "object": "list",
        "has_more": false,
        "total": 0,
        "data": []
      },
      "discount_lines": {
        "starting_after": null,
        "ending_before": null,
        "object": "list",
        "has_more": false,
        "total": 0,
        "data": []
      },
      "charges": {
        "starting_after": null,
        "ending_before": null,
        "object": "list",
        "has_more": false,
        "total": 0,
        "data": []
      },
      "returns": {
        "starting_after": null,
        "ending_before": null,
        "object": "list",
        "has_more": false,
        "total": 0,
        "data": []
      }
    },
    {
      "livemode": false,
      "amount": 20000,
      "status": "created",
      "customer_id": null,
      "currency": "MXN",
      "capture": true,
      "last_payment_info": {
        "charge_id": "5886561ddba34dd852000ad8",
        "payment_method": "OxxoPayment",
        "payment_brand": null,
        "status": "pending_payment"
      },
      "customer_info": {
        "email": "hola@hola.com",
        "phone": "+5213353319758",
        "name": "John Constantine",
        "corporate": null,
        "account_age": null,
        "paid_transactions": null,
        "first_paid_at": 0
      },
      "shipping_contact": null,
      "fiscal_entity": null,
      "object": "order",
      "id": "ord_2fth51uaEsBnzUthh",
      "metadata": {
        "test": "extra info"
      },
      "created_at": 1485198876,
      "updated_at": 1485198876,
      "line_items": {
        "starting_after": null,
        "ending_before": null,
        "object": "list",
        "has_more": false,
        "total": 1,
        "data": [
          {
            "name": "Box of Cohiba S1s",
            "description": "Imported From Mex.",
            "unit_price": 20000,
            "quantity": 1,
            "sku": "cohb_s1",
            "shippable": null,
            "tags": [
              "food",
              "mexican food"
            ],
            "brand": null,
            "type": "physical",
            "object": "line_item",
            "id": "line_item_2fth51uaEsBnzUthf",
            "parent_id": "ord_2fth51uaEsBnzUthh",
            "metadata": {}
          }
        ]
      },
      "shipping_lines": {
        "starting_after": null,
        "ending_before": null,
        "object": "list",
        "has_more": false,
        "total": 0,
        "data": []
      },
      "tax_lines": {
        "starting_after": null,
        "ending_before": null,
        "object": "list",
        "has_more": false,
        "total": 0,
        "data": []
      },
      "discount_lines": {
        "starting_after": null,
        "ending_before": null,
        "object": "list",
        "has_more": false,
        "total": 0,
        "data": []
      },
      "charges": {
        "starting_after": null,
        "ending_before": null,
        "object": "list",
        "has_more": false,
        "total": 1,
        "data": [
          {
            "id": "5886561ddba34dd852000ad8",
            "livemode": false,
            "created_at": 1485198877,
            "currency": "MXN",
            "description": null,
            "reference_id": null,
            "failure_code": null,
            "failure_message": null,
            "monthly_installments": null,
            "device_fingerprint": null,
            "payment_method": {
              "barcode_url": "https://s3.amazonaws.com/cash_payment_barcodes/sandbox_reference.png",
              "service_name": "OxxoPay",
              "object": "cash_payment",
              "type": "oxxo",
              "expires_at": 1487808000,
              "store_name": "OXXO",
              "reference": "93345678901234"
            },
            "object": "charge",
            "status": "pending_payment",
            "amount": 20000,
            "paid_at": null,
            "fee": 812,
            "customer_id": "",
            "order_id": "ord_2fth51uaEsBnzUthh",
            "refunds": {
              "starting_after": null,
              "ending_before": null,
              "object": "list",
              "has_more": false,
              "total": 0,
              "data": []
            }
          }
        ]
      },
      "returns": {
        "starting_after": null,
        "ending_before": null,
        "object": "list",
        "has_more": false,
        "total": 0,
        "data": []
      }
    },
    {
      "livemode": false,
      "amount": 20000,
      "status": "fulfilled",
      "customer_id": null,
      "currency": "MXN",
      "capture": true,
      "last_payment_info": {
        "charge_id": "5886561bedbb6ede090004cf",
        "payment_method": "OxxoPayment",
        "payment_brand": null,
        "status": "pending_payment"
      },
      "customer_info": {
        "email": "hola@hola.com",
        "phone": "+5213353319758",
        "name": "John Constantine",
        "corporate": null,
        "account_age": null,
        "paid_transactions": null,
        "first_paid_at": 0
      },
      "shipping_contact": null,
      "fiscal_entity": null,
      "object": "order",
      "id": "ord_2fth51Akifd9NDEDA",
      "metadata": {
        "test": "extra info"
      },
      "created_at": 1485198875,
      "updated_at": 1485198907,
      "line_items": {
        "starting_after": null,
        "ending_before": null,
        "object": "list",
        "has_more": false,
        "total": 1,
        "data": [
          {
            "name": "Box of Cohiba S1s",
            "description": "Imported From Mex.",
            "unit_price": 20000,
            "quantity": 1,
            "sku": "cohb_s1",
            "shippable": null,
            "tags": [
              "food",
              "mexican food"
            ],
            "brand": null,
            "type": "physical",
            "object": "line_item",
            "id": "line_item_2fth51Akifd9NDED8",
            "parent_id": "ord_2fth51Akifd9NDEDA",
            "metadata": {}
          }
        ]
      },
      "shipping_lines": {
        "starting_after": null,
        "ending_before": null,
        "object": "list",
        "has_more": false,
        "total": 0,
        "data": []
      },
      "tax_lines": {
        "starting_after": null,
        "ending_before": null,
        "object": "list",
        "has_more": false,
        "total": 0,
        "data": []
      },
      "discount_lines": {
        "starting_after": null,
        "ending_before": null,
        "object": "list",
        "has_more": false,
        "total": 0,
        "data": []
      },
      "charges": {
        "starting_after": null,
        "ending_before": null,
        "object": "list",
        "has_more": false,
        "total": 1,
        "data": [
          {
            "id": "5886561bedbb6ede090004cf",
            "livemode": false,
            "created_at": 1485198875,
            "currency": "MXN",
            "description": null,
            "reference_id": null,
            "failure_code": null,
            "failure_message": null,
            "monthly_installments": null,
            "device_fingerprint": null,
            "payment_method": {
              "barcode_url": "https://s3.amazonaws.com/cash_payment_barcodes/sandbox_reference.png",
              "service_name": "OxxoPay",
              "object": "cash_payment",
              "type": "oxxo",
              "expires_at": 1485234876,
              "store_name": "OXXO",
              "reference": "93345678901234"
            },
            "object": "charge",
            "status": "paid",
            "amount": 20000,
            "paid_at": 1485198907,
            "fee": 812,
            "customer_id": "",
            "order_id": "ord_2fth51Akifd9NDEDA",
            "refunds": {
              "starting_after": null,
              "ending_before": null,
              "object": "list",
              "has_more": false,
              "total": 0,
              "data": []
            }
          }
        ]
      },
      "returns": {
        "starting_after": null,
        "ending_before": null,
        "object": "list",
        "has_more": false,
        "total": 0,
        "data": []
      }
    },
    {
      "livemode": false,
      "amount": 20000,
      "status": "created",
      "customer_id": null,
      "currency": "MXN",
      "capture": true,
      "last_payment_info": null,
      "customer_info": null,
      "shipping_contact": null,
      "fiscal_entity": null,
      "object": "order",
      "id": "ord_2fth4yh7gGVrC7s6p",
      "metadata": {
        "test": "extra info"
      },
      "created_at": 1485198873,
      "updated_at": 1485198873,
      "line_items": {
        "starting_after": null,
        "ending_before": null,
        "object": "list",
        "has_more": false,
        "total": 1,
        "data": [
          {
            "name": "Box of Cohiba S1s",
            "description": "Imported From Mex.",
            "unit_price": 20000,
            "quantity": 1,
            "sku": "cohb_s1",
            "shippable": null,
            "tags": [
              "food",
              "mexican food"
            ],
            "brand": null,
            "type": "physical",
            "object": "line_item",
            "id": "line_item_2fth4yh7gGVrC7s6o",
            "parent_id": "ord_2fth4yh7gGVrC7s6p",
            "metadata": {}
          }
        ]
      },
      "shipping_lines": {
        "starting_after": null,
        "ending_before": null,
        "object": "list",
        "has_more": false,
        "total": 0,
        "data": []
      },
      "tax_lines": {
        "starting_after": null,
        "ending_before": null,
        "object": "list",
        "has_more": false,
        "total": 0,
        "data": []
      },
      "discount_lines": {
        "starting_after": null,
        "ending_before": null,
        "object": "list",
        "has_more": false,
        "total": 0,
        "data": []
      },
      "charges": {
        "starting_after": null,
        "ending_before": null,
        "object": "list",
        "has_more": false,
        "total": 0,
        "data": []
      },
      "returns": {
        "starting_after": null,
        "ending_before": null,
        "object": "list",
        "has_more": false,
        "total": 0,
        "data": []
      }
    },
    {
      "livemode": false,
      "amount": 2000,
      "status": "fulfilled",
      "customer_id": null,
      "currency": "MXN",
      "capture": true,
      "last_payment_info": {
        "charge_id": "588655e8c835f06c7b000a13",
        "payment_method": "CreditCardPayment",
        "payment_brand": "VISA",
        "status": "paid"
      },
      "customer_info": {
        "email": "logan@x-men.org",
        "phone": "4033420642",
        "name": "Arnulfo Quimare",
        "corporate": false,
        "account_age": null,
        "paid_transactions": null,
        "first_paid_at": 0
      },
      "shipping_contact": null,
      "fiscal_entity": null,
      "object": "order",
      "id": "ord_2fth4kLBsbdqQ2UBT",
      "metadata": {},
      "created_at": 1485198824,
      "updated_at": 1485198850,
      "line_items": {
        "starting_after": null,
        "ending_before": null,
        "object": "list",
        "has_more": false,
        "total": 1,
        "data": [
          {
            "name": "Box of Cohiba S1s",
            "description": "Imported From Mex.",
            "unit_price": 20000,
            "quantity": 1,
            "sku": "cohb_s1",
            "shippable": null,
            "tags": null,
            "brand": null,
            "type": "food",
            "object": "line_item",
            "id": "line_item_2fth4MQhACmJEk5UK",
            "parent_id": "ord_2fth4kLBsbdqQ2UBT",
            "metadata": {}
          }
        ]
      },
      "shipping_lines": {
        "starting_after": null,
        "ending_before": null,
        "object": "list",
        "has_more": false,
        "total": 0,
        "data": []
      },
      "tax_lines": {
        "starting_after": null,
        "ending_before": null,
        "object": "list",
        "has_more": false,
        "total": 0,
        "data": []
      },
      "discount_lines": {
        "starting_after": null,
        "ending_before": null,
        "object": "list",
        "has_more": false,
        "total": 0,
        "data": []
      },
      "charges": {
        "starting_after": null,
        "ending_before": null,
        "object": "list",
        "has_more": false,
        "total": 1,
        "data": [
          {
            "id": "588655e8c835f06c7b000a13",
            "livemode": false,
            "created_at": 1485198824,
            "currency": "MXN",
            "description": null,
            "reference_id": null,
            "failure_code": null,
            "failure_message": null,
            "monthly_installments": null,
            "device_fingerprint": "123456789abcdefghijkmnopqrstuv",
            "payment_method": {
              "name": "Jorge Lopez",
              "exp_month": "12",
              "exp_year": "19",
              "auth_code": "049748",
              "object": "card_payment",
              "type": "credit",
              "normalized_device_fingerprint": null,
              "last4": "4242",
              "brand": "visa",
              "issuer": "",
              "account_type": "",
              "country": "US",
              "fraud_score": 29,
              "fraud_indicators": []
            },
            "object": "charge",
            "status": "paid",
            "amount": 2000,
            "paid_at": 1485198831,
            "fee": 357,
            "customer_id": "",
            "order_id": "ord_2fth4kLBsbdqQ2UBT",
            "refunds": {
              "starting_after": null,
              "ending_before": null,
              "object": "list",
              "has_more": false,
              "total": 0,
              "data": []
            }
          }
        ]
      },
      "returns": {
        "starting_after": null,
        "ending_before": null,
        "object": "list",
        "has_more": false,
        "total": 0,
        "data": []
      }
    },
    {
      "livemode": false,
      "amount": 2000,
      "status": "fulfilled",
      "customer_id": null,
      "currency": "MXN",
      "capture": true,
      "last_payment_info": {
        "charge_id": "588655d5dba34dd35d000a5d",
        "payment_method": "OxxoPayment",
        "payment_brand": null,
        "status": "paid"
      },
      "customer_info": {
        "email": "logan@x-men.org",
        "phone": "403-342-0642",
        "name": "Arnulfo Quimare",
        "corporate": false,
        "account_age": null,
        "paid_transactions": null,
        "first_paid_at": 0
      },
      "shipping_contact": null,
      "fiscal_entity": null,
      "object": "order",
      "id": "ord_2fth4kLBsbdqQ2UBQ",
      "metadata": {},
      "created_at": 1485198805,
      "updated_at": 1485198848,
      "line_items": {
        "starting_after": null,
        "ending_before": null,
        "object": "list",
        "has_more": false,
        "total": 1,
        "data": [
          {
            "name": "Box of Cohiba S1s",
            "description": "Imported From Mex.",
            "unit_price": 20000,
            "quantity": 1,
            "sku": "cohb_s1",
            "shippable": null,
            "tags": null,
            "brand": null,
            "type": "food",
            "object": "line_item",
            "id": "line_item_2fth47SNjZwo9PGGt",
            "parent_id": "ord_2fth4kLBsbdqQ2UBQ",
            "metadata": {}
          }
        ]
      },
      "shipping_lines": {
        "starting_after": null,
        "ending_before": null,
        "object": "list",
        "has_more": false,
        "total": 0,
        "data": []
      },
      "tax_lines": {
        "starting_after": null,
        "ending_before": null,
        "object": "list",
        "has_more": false,
        "total": 0,
        "data": []
      },
      "discount_lines": {
        "starting_after": null,
        "ending_before": null,
        "object": "list",
        "has_more": false,
        "total": 0,
        "data": []
      },
      "charges": {
        "starting_after": null,
        "ending_before": null,
        "object": "list",
        "has_more": false,
        "total": 1,
        "data": [
          {
            "id": "588655d5dba34dd35d000a5d",
            "livemode": false,
            "created_at": 1485198805,
            "currency": "MXN",
            "description": null,
            "reference_id": null,
            "failure_code": null,
            "failure_message": null,
            "monthly_installments": null,
            "device_fingerprint": null,
            "payment_method": {
              "barcode_url": "https://s3.amazonaws.com/cash_payment_barcodes/sandbox_reference.png",
              "service_name": "OxxoPay",
              "object": "cash_payment",
              "type": "oxxo",
              "expires_at": 1487808000,
              "store_name": "OXXO",
              "reference": "93345678901234"
            },
            "object": "charge",
            "status": "paid",
            "amount": 2000,
            "paid_at": 1485198838,
            "fee": 81,
            "customer_id": "",
            "order_id": "ord_2fth4kLBsbdqQ2UBQ",
            "refunds": {
              "starting_after": null,
              "ending_before": null,
              "object": "list",
              "has_more": false,
              "total": 0,
              "data": []
            }
          }
        ]
      },
      "returns": {
        "starting_after": null,
        "ending_before": null,
        "object": "list",
        "has_more": false,
        "total": 0,
        "data": []
      }
    },
    {
      "livemode": false,
      "amount": 2000,
      "status": "fulfilled",
      "customer_id": null,
      "currency": "MXN",
      "capture": true,
      "last_payment_info": {
        "charge_id": "588655cedba34dd852000aa9",
        "payment_method": "SpeiPayment",
        "payment_brand": null,
        "status": "paid"
      },
      "customer_info": {
        "email": "logan@x-men.org",
        "phone": "403-342-0642",
        "name": "Arnulfo Quimare",
        "corporate": false,
        "account_age": null,
        "paid_transactions": null,
        "first_paid_at": 0
      },
      "shipping_contact": null,
      "fiscal_entity": null,
      "object": "order",
      "id": "ord_2fth4kLBsbdqQ2UB9",
      "metadata": {},
      "created_at": 1485198798,
      "updated_at": 1485198847,
      "line_items": {
        "starting_after": null,
        "ending_before": null,
        "object": "list",
        "has_more": false,
        "total": 1,
        "data": [
          {
            "name": "Box of Cohiba S1s",
            "description": "Imported From Mex.",
            "unit_price": 20000,
            "quantity": 1,
            "sku": "cohb_s1",
            "shippable": null,
            "tags": null,
            "brand": null,
            "type": "food",
            "object": "line_item",
            "id": "line_item_2fth42Ge6B1Fcbh9J",
            "parent_id": "ord_2fth4kLBsbdqQ2UB9",
            "metadata": {}
          }
        ]
      },
      "shipping_lines": {
        "starting_after": null,
        "ending_before": null,
        "object": "list",
        "has_more": false,
        "total": 0,
        "data": []
      },
      "tax_lines": {
        "starting_after": null,
        "ending_before": null,
        "object": "list",
        "has_more": false,
        "total": 0,
        "data": []
      },
      "discount_lines": {
        "starting_after": null,
        "ending_before": null,
        "object": "list",
        "has_more": false,
        "total": 0,
        "data": []
      },
      "charges": {
        "starting_after": null,
        "ending_before": null,
        "object": "list",
        "has_more": false,
        "total": 1,
        "data": [
          {
            "id": "588655cedba34dd852000aa9",
            "livemode": false,
            "created_at": 1485198798,
            "currency": "MXN",
            "description": null,
            "reference_id": null,
            "failure_code": null,
            "failure_message": null,
            "monthly_installments": null,
            "device_fingerprint": null,
            "payment_method": {
              "clabe": "646180111812345678",
              "bank": "STP",
              "issuing_account_holder_name": null,
              "issuing_account_tax_id": null,
              "issuing_account_bank": null,
              "issuing_account_number": null,
              "receiving_account_holder_name": null,
              "receiving_account_tax_id": null,
              "receiving_account_number": "646180111812345678",
              "receiving_account_bank": "STP",
              "reference_number": null,
              "description": null,
              "tracking_code": null,
              "executed_at": null,
              "object": "bank_transfer_payment",
              "type": "spei",
              "expires_at": 1492974798
            },
            "object": "charge",
            "status": "paid",
            "amount": 2000,
            "paid_at": 1485198828,
            "fee": 928,
            "customer_id": "",
            "order_id": "ord_2fth4kLBsbdqQ2UB9",
            "refunds": {
              "starting_after": null,
              "ending_before": null,
              "object": "list",
              "has_more": false,
              "total": 0,
              "data": []
            }
          }
        ]
      },
      "returns": {
        "starting_after": null,
        "ending_before": null,
        "object": "list",
        "has_more": false,
        "total": 0,
        "data": []
      }
    },
    {
      "livemode": false,
      "amount": 2000,
      "status": "fulfilled",
      "customer_id": null,
      "currency": "MXN",
      "capture": true,
      "last_payment_info": {
        "charge_id": "588655e1dba34dd35d000a6f",
        "payment_method": "CreditCardPayment",
        "payment_brand": "VISA",
        "status": "paid"
      },
      "customer_info": {
        "email": "logan@x-men.org",
        "phone": "4033420642",
        "name": "Arnulfo Quimare",
        "corporate": false,
        "account_age": null,
        "paid_transactions": null,
        "first_paid_at": 0
      },
      "shipping_contact": null,
      "fiscal_entity": null,
      "object": "order",
      "id": "ord_2fth4kLBsbdqQ2UAx",
      "metadata": {},
      "created_at": 1485198817,
      "updated_at": 1485198849,
      "line_items": {
        "starting_after": null,
        "ending_before": null,
        "object": "list",
        "has_more": false,
        "total": 1,
        "data": [
          {
            "name": "Box of Cohiba S1s",
            "description": "Imported From Mex.",
            "unit_price": 20000,
            "quantity": 1,
            "sku": "cohb_s1",
            "shippable": null,
            "tags": null,
            "brand": null,
            "type": "food",
            "object": "line_item",
            "id": "line_item_2fth4GJCyxhaedEA2",
            "parent_id": "ord_2fth4kLBsbdqQ2UAx",
            "metadata": {}
          }
        ]
      },
      "shipping_lines": {
        "starting_after": null,
        "ending_before": null,
        "object": "list",
        "has_more": false,
        "total": 0,
        "data": []
      },
      "tax_lines": {
        "starting_after": null,
        "ending_before": null,
        "object": "list",
        "has_more": false,
        "total": 0,
        "data": []
      },
      "discount_lines": {
        "starting_after": null,
        "ending_before": null,
        "object": "list",
        "has_more": false,
        "total": 0,
        "data": []
      },
      "charges": {
        "starting_after": null,
        "ending_before": null,
        "object": "list",
        "has_more": false,
        "total": 1,
        "data": [
          {
            "id": "588655e1dba34dd35d000a6f",
            "livemode": false,
            "created_at": 1485198817,
            "currency": "MXN",
            "description": null,
            "reference_id": null,
            "failure_code": null,
            "failure_message": null,
            "monthly_installments": null,
            "device_fingerprint": "123456789abcdefghijkmnopqrstuv",
            "payment_method": {
              "name": "Jorge Lopez",
              "exp_month": "12",
              "exp_year": "19",
              "auth_code": "324597",
              "object": "card_payment",
              "type": "credit",
              "normalized_device_fingerprint": null,
              "last4": "4242",
              "brand": "visa",
              "issuer": "",
              "account_type": "",
              "country": "US",
              "fraud_score": 29,
              "fraud_indicators": []
            },
            "object": "charge",
            "status": "paid",
            "amount": 2000,
            "paid_at": 1485198823,
            "fee": 357,
            "customer_id": "",
            "order_id": "ord_2fth4kLBsbdqQ2UAx",
            "refunds": {
              "starting_after": null,
              "ending_before": null,
              "object": "list",
              "has_more": false,
              "total": 0,
              "data": []
            }
          }
        ]
      },
      "returns": {
        "starting_after": null,
        "ending_before": null,
        "object": "list",
        "has_more": false,
        "total": 0,
        "data": []
      }
    },
    {
      "livemode": false,
      "amount": 2000,
      "status": "returned",
      "customer_id": null,
      "currency": "MXN",
      "capture": true,
      "last_payment_info": {
        "charge_id": "588655d9c835f0fde2000aa1",
        "payment_method": "CreditCardPayment",
        "payment_brand": "VISA",
        "status": "refunded"
      },
      "customer_info": {
        "email": "logan@x-men.org",
        "phone": "4033420642",
        "name": "Arnulfo Quimare",
        "corporate": false,
        "account_age": null,
        "paid_transactions": null,
        "first_paid_at": 0
      },
      "shipping_contact": null,
      "fiscal_entity": null,
      "object": "order",
      "id": "ord_2fth4kLBsbdqQ2UAg",
      "metadata": {},
      "created_at": 1485198809,
      "updated_at": 1485198848,
      "line_items": {
        "starting_after": null,
        "ending_before": null,
        "object": "list",
        "has_more": false,
        "total": 1,
        "data": [
          {
            "name": "Box of Cohiba S1s",
            "description": "Imported From Mex.",
            "unit_price": 20000,
            "quantity": 1,
            "sku": "cohb_s1",
            "shippable": null,
            "tags": null,
            "brand": null,
            "type": "food",
            "object": "line_item",
            "id": "line_item_2fth4ALQMDKZz74XN",
            "parent_id": "ord_2fth4kLBsbdqQ2UAg",
            "metadata": {}
          }
        ]
      },
      "shipping_lines": {
        "starting_after": null,
        "ending_before": null,
        "object": "list",
        "has_more": false,
        "total": 0,
        "data": []
      },
      "tax_lines": {
        "starting_after": null,
        "ending_before": null,
        "object": "list",
        "has_more": false,
        "total": 0,
        "data": []
      },
      "discount_lines": {
        "starting_after": null,
        "ending_before": null,
        "object": "list",
        "has_more": false,
        "total": 0,
        "data": []
      },
      "charges": {
        "starting_after": null,
        "ending_before": null,
        "object": "list",
        "has_more": false,
        "total": 1,
        "data": [
          {
            "id": "588655d9c835f0fde2000aa1",
            "livemode": false,
            "created_at": 1485198809,
            "currency": "MXN",
            "description": null,
            "reference_id": null,
            "failure_code": null,
            "failure_message": null,
            "monthly_installments": null,
            "device_fingerprint": "123456789abcdefghijkmnopqrstuv",
            "payment_method": {
              "name": "Jorge Lopez",
              "exp_month": "12",
              "exp_year": "19",
              "auth_code": "182788",
              "object": "card_payment",
              "type": "credit",
              "normalized_device_fingerprint": null,
              "last4": "4242",
              "brand": "visa",
              "issuer": "",
              "account_type": "",
              "country": "US",
              "fraud_score": 29,
              "fraud_indicators": []
            },
            "object": "charge",
            "status": "refunded",
            "amount": 2000,
            "paid_at": 1485198815,
            "fee": 357,
            "customer_id": "",
            "order_id": "ord_2fth4kLBsbdqQ2UAg",
            "refunds": {
              "starting_after": null,
              "ending_before": null,
              "object": "list",
              "has_more": false,
              "total": 1,
              "data": [
                {
                  "object": "refund",
                  "amount": -2000,
                  "auth_code": "182788",
                  "id": "588655e1c835f0fde2000aaf",
                  "created_at": 1485198817
                }
              ]
            }
          }
        ]
      },
      "returns": {
        "starting_after": null,
        "ending_before": null,
        "object": "list",
        "has_more": false,
        "total": 1,
        "data": [
          {
            "livemode": false,
            "amount": -2000,
            "currency": "MXN",
            "charge_id": "588655d9c835f0fde2000aa1",
            "reason": "unknown",
            "id": "ord_ret_2fth4kLBsbdqQ2UAj",
            "object": "return",
            "created_at": 1485198855,
            "parent_id": "ord_2fth4kLBsbdqQ2UAg"
          }
        ]
      }
    },
    {
      "livemode": false,
      "amount": 2000,
      "status": "fulfilled",
      "customer_id": null,
      "currency": "MXN",
      "capture": true,
      "last_payment_info": {
        "charge_id": "588655cddba34dd35d000a49",
        "payment_method": "BanortePayment",
        "payment_brand": null,
        "status": "paid"
      },
      "customer_info": {
        "email": "logan@x-men.org",
        "phone": "403-342-0642",
        "name": "Arnulfo Quimare",
        "corporate": false,
        "account_age": null,
        "paid_transactions": null,
        "first_paid_at": 0
      },
      "shipping_contact": null,
      "fiscal_entity": null,
      "object": "order",
      "id": "ord_2fth4kLBsbdqQ2UAa",
      "metadata": {},
      "created_at": 1485198797,
      "updated_at": 1485198846,
      "line_items": {
        "starting_after": null,
        "ending_before": null,
        "object": "list",
        "has_more": false,
        "total": 1,
        "data": [
          {
            "name": "Box of Cohiba S1s",
            "description": "Imported From Mex.",
            "unit_price": 20000,
            "quantity": 1,
            "sku": "cohb_s1",
            "shippable": null,
            "tags": null,
            "brand": null,
            "type": "food",
            "object": "line_item",
            "id": "line_item_2fth41XpZySc9DxML",
            "parent_id": "ord_2fth4kLBsbdqQ2UAa",
            "metadata": {}
          }
        ]
      },
      "shipping_lines": {
        "starting_after": null,
        "ending_before": null,
        "object": "list",
        "has_more": false,
        "total": 0,
        "data": []
      },
      "tax_lines": {
        "starting_after": null,
        "ending_before": null,
        "object": "list",
        "has_more": false,
        "total": 0,
        "data": []
      },
      "discount_lines": {
        "starting_after": null,
        "ending_before": null,
        "object": "list",
        "has_more": false,
        "total": 0,
        "data": []
      },
      "charges": {
        "starting_after": null,
        "ending_before": null,
        "object": "list",
        "has_more": false,
        "total": 1,
        "data": [
          {
            "id": "588655cddba34dd35d000a49",
            "livemode": false,
            "created_at": 1485198797,
            "currency": "MXN",
            "description": null,
            "reference_id": null,
            "failure_code": null,
            "failure_message": null,
            "monthly_installments": null,
            "device_fingerprint": null,
            "payment_method": {
              "service_name": "Conekta",
              "service_number": "127589",
              "reference": "123456789012345",
              "object": "bank_transfer_payment",
              "type": "banorte",
              "expires_at": 1492974797
            },
            "object": "charge",
            "status": "paid",
            "amount": 2000,
            "paid_at": 1485198828,
            "fee": 1411,
            "customer_id": "",
            "order_id": "ord_2fth4kLBsbdqQ2UAa",
            "refunds": {
              "starting_after": null,
              "ending_before": null,
              "object": "list",
              "has_more": false,
              "total": 0,
              "data": []
            }
          }
        ]
      },
      "returns": {
        "starting_after": null,
        "ending_before": null,
        "object": "list",
        "has_more": false,
        "total": 0,
        "data": []
      }
    },
    {
      "livemode": false,
      "amount": 2000,
      "status": "fulfilled",
      "customer_id": null,
      "currency": "MXN",
      "capture": true,
      "last_payment_info": {
        "charge_id": "588655cedba34dd35d000a53",
        "payment_method": "CreditCardPayment",
        "payment_brand": "VISA",
        "status": "paid"
      },
      "customer_info": {
        "email": "logan@x-men.org",
        "phone": "4033420642",
        "name": "Arnulfo Quimare",
        "corporate": false,
        "account_age": null,
        "paid_transactions": null,
        "first_paid_at": 0
      },
      "shipping_contact": null,
      "fiscal_entity": null,
      "object": "order",
      "id": "ord_2fth4jbNMQ5Bmkofq",
      "metadata": {},
      "created_at": 1485198798,
      "updated_at": 1485198847,
      "line_items": {
        "starting_after": null,
        "ending_before": null,
        "object": "list",
        "has_more": false,
        "total": 1,
        "data": [
          {
            "name": "Box of Cohiba S1s",
            "description": "Imported From Mex.",
            "unit_price": 20000,
            "quantity": 1,
            "sku": "cohb_s1",
            "shippable": null,
            "tags": null,
            "brand": null,
            "type": "food",
            "object": "line_item",
            "id": "line_item_2fth42Ge6B1FmVcqs",
            "parent_id": "ord_2fth4jbNMQ5Bmkofq",
            "metadata": {}
          }
        ]
      },
      "shipping_lines": {
        "starting_after": null,
        "ending_before": null,
        "object": "list",
        "has_more": false,
        "total": 0,
        "data": []
      },
      "tax_lines": {
        "starting_after": null,
        "ending_before": null,
        "object": "list",
        "has_more": false,
        "total": 0,
        "data": []
      },
      "discount_lines": {
        "starting_after": null,
        "ending_before": null,
        "object": "list",
        "has_more": false,
        "total": 0,
        "data": []
      },
      "charges": {
        "starting_after": null,
        "ending_before": null,
        "object": "list",
        "has_more": false,
        "total": 1,
        "data": [
          {
            "id": "588655cedba34dd35d000a53",
            "livemode": false,
            "created_at": 1485198798,
            "currency": "MXN",
            "description": null,
            "reference_id": null,
            "failure_code": null,
            "failure_message": null,
            "monthly_installments": null,
            "device_fingerprint": "123456789abcdefghijkmnopqrstuv",
            "payment_method": {
              "name": "Jorge Lopez",
              "exp_month": "12",
              "exp_year": "19",
              "auth_code": "848452",
              "object": "card_payment",
              "type": "credit",
              "normalized_device_fingerprint": null,
              "last4": "4242",
              "brand": "visa",
              "issuer": "",
              "account_type": "",
              "country": "US",
              "fraud_score": 29,
              "fraud_indicators": []
            },
            "object": "charge",
            "status": "paid",
            "amount": 2000,
            "paid_at": 1485198804,
            "fee": 357,
            "customer_id": "",
            "order_id": "ord_2fth4jbNMQ5Bmkofq",
            "refunds": {
              "starting_after": null,
              "ending_before": null,
              "object": "list",
              "has_more": false,
              "total": 0,
              "data": []
            }
          }
        ]
      },
      "returns": {
        "starting_after": null,
        "ending_before": null,
        "object": "list",
        "has_more": false,
        "total": 0,
        "data": []
      }
    }
  ]
}
